id,nombre,categoria,precio,origen,fecha_registro,dia_semana,mes,dias_desde_registro,precio_log,rango_precio,categoria_encoded,origen_encoded
1,Producto_1,Tech,29.99,CSV,2024-10-05,5,10,0,3.433664571799657,Bajo,16,2
2,Producto_2,Libro,49.99,CSV,2024-10-05,5,10,0,3.9316295350670645,Medio,10,2
3,Producto_3,Software,79.99,CSV,2024-10-05,5,10,0,4.3943256902608985,Alto,15,2
4,Producto_4,Hardware,99.99,CSV,2024-10-05,5,10,0,4.6150215020384655,Alto,7,2
5,Producto_5,Curso,149.99,CSV,2024-10-05,5,10,0,5.017213609456379,Premium,2,2
6,Producto_6,Tech,29.99,CSV,2024-10-05,5,10,0,3.433664571799657,Bajo,16,2
7,Producto_7,Libro,49.99,CSV,2024-10-05,5,10,0,3.9316295350670645,Medio,10,2
8,Producto_8,Software,79.99,CSV,2024-10-05,5,10,0,4.3943256902608985,Alto,15,2
9,Producto_9,Hardware,99.99,CSV,2024-10-05,5,10,0,4.6150215020384655,Alto,7,2
10,Producto_10,Curso,149.99,CSV,2024-10-05,5,10,0,5.017213609456379,Premium,2,2
101,API_Item_1,Service,41.49,API,2024-10-05,5,10,0,3.7492687541267204,Medio,14,0
102,API_Item_2,Cloud,56.99,API,2024-10-05,5,10,0,4.060270581888349,Medio,1,0
103,API_Item_3,Mobile,72.49,API,2024-10-05,5,10,0,4.29714934254078,Alto,12,0
104,API_Item_4,Web,87.99,API,2024-10-05,5,10,0,4.488524003868771,Alto,17,0
105,API_Item_5,Digital,103.49,API,2024-10-05,5,10,0,4.649091373046019,Premium,4,0
106,API_Item_6,Service,118.99,API,2024-10-05,5,10,0,4.787408405976297,Premium,14,0
107,API_Item_7,Cloud,134.49,API,2024-10-05,5,10,0,4.90889783685834,Premium,1,0
108,API_Item_8,Mobile,149.99,API,2024-10-05,5,10,0,5.017213609456379,Premium,12,0
109,API_Item_9,Web,165.49,API,2024-10-05,5,10,0,5.114935247556761,Premium,17,0
110,API_Item_10,Digital,180.99,API,2024-10-05,5,10,0,5.2039517405123155,Premium,4,0
201,El Poder de Emprendimiento,Educación,30.17,BD,2024-10-05,5,10,0,3.4394560937792455,Medio,5,1
202,Introducción a DevOps,Investigación,33.9,BD,2024-10-05,5,10,0,3.5524868292083815,Medio,9,1
203,Principios de Robótica,Ciencias,29.6,BD,2024-10-05,5,10,0,3.4210000089583352,Bajo,0,1
204,Manual de Física Cuántica,Ciencias,47.18,BD,2024-10-05,5,10,0,3.874943997186725,Medio,0,1
205,Técnicas de Programación Web,Matemáticas,42.36,BD,2024-10-05,5,10,0,3.769537357131391,Medio,11,1
206,Guía Completa de Gestión de Proyectos,Gestión,105.16,BD,2024-10-05,5,10,0,4.664947390023952,Premium,6,1
207,Historia de Ciberseguridad,Educación,38.17,BD,2024-10-05,5,10,0,3.66791114767774,Medio,5,1
208,El Poder de Sostenibilidad,Ingeniería,148.08,BD,2024-10-05,5,10,0,5.004483074611057,Premium,8,1
209,Fundamentos de Sostenibilidad,Datos,179.38,BD,2024-10-05,5,10,0,5.195065736737562,Premium,3,1
210,Principios de Transformación Digital,Programación,27.56,BD,2024-10-05,5,10,0,3.3520071374713836,Bajo,13,1
301,Web_Libro_1,Libro,12.99,Web Scraping,2024-10-05,5,10,0,2.63834278867739,Bajo,10,3
302,Web_Libro_2,Libro,13.99,Web Scraping,2024-10-05,5,10,0,2.7073833121145063,Bajo,10,3
303,Web_Libro_3,Libro,14.99,Web Scraping,2024-10-05,5,10,0,2.771963526845863,Bajo,10,3
304,Web_Libro_4,Libro,15.99,Web Scraping,2024-10-05,5,10,0,2.8326249356838407,Bajo,10,3
305,Web_Libro_5,Libro,16.99,Web Scraping,2024-10-05,5,10,0,2.8898160479624417,Bajo,10,3
306,Web_Libro_6,Libro,17.99,Web Scraping,2024-10-05,5,10,0,2.9439125248241944,Bajo,10,3
307,Web_Libro_7,Libro,18.99,Web Scraping,2024-10-05,5,10,0,2.995232148512309,Bajo,10,3
308,Web_Libro_8,Libro,19.99,Web Scraping,2024-10-05,5,10,0,3.0440461338325417,Bajo,10,3
309,Web_Libro_9,Libro,20.99,Web Scraping,2024-10-05,5,10,0,3.09058780456667,Bajo,10,3
310,Web_Libro_10,Libro,21.99,Web Scraping,2024-10-05,5,10,0,3.1350593387750902,Bajo,10,3
10000,Sintetico_Libro_10000,Libro,23.87,Web Scraping,2024-12-15,6,12,71,3.2136622578153133,Bajo,10,3
10001,Sintetico_Libro_10001,Libro,22.64,Web Scraping,2024-12-04,2,12,60,3.1629401925378975,Bajo,10,3
10002,Sintetico_Libro_10002,Libro,20.58,Web Scraping,2024-12-30,0,12,86,3.0717669598299886,Bajo,10,3
10003,Sintetico_Libro_10003,Libro,27.06,Web Scraping,2024-12-18,2,12,74,3.3343450746743146,Bajo,10,3
10004,Sintetico_Libro_10004,Libro,19.0,Web Scraping,2024-10-28,0,10,23,2.995732273553991,Bajo,10,3
10005,Sintetico_Libro_10005,Libro,21.95,Web Scraping,2024-10-07,0,10,2,3.133317936506554,Bajo,10,3
10006,Sintetico_Libro_10006,Libro,22.0,Web Scraping,2024-12-07,5,12,63,3.1354942159291497,Bajo,10,3
10007,Sintetico_Libro_10007,Libro,23.96,Web Scraping,2024-12-03,1,12,59,3.217274543501227,Bajo,10,3
10008,Sintetico_Libro_10008,Libro,21.8,Web Scraping,2024-10-26,5,10,21,3.126760535960395,Bajo,10,3
10009,Sintetico_Libro_10009,Libro,21.11,Web Scraping,2025-01-01,2,1,88,3.096029994869355,Bajo,10,3
10010,Sintetico_Libro_10010,Libro,24.49,Web Scraping,2024-11-15,4,11,41,3.238286218388024,Bajo,10,3
10011,Sintetico_Libro_10011,Libro,19.95,Web Scraping,2024-12-03,1,12,59,3.0421386463681466,Bajo,10,3
10012,Sintetico_Libro_10012,Libro,21.54,Web Scraping,2024-11-20,2,11,46,3.11529150861163,Bajo,10,3
10013,Sintetico_Libro_10013,Libro,18.75,Web Scraping,2024-12-05,3,12,61,2.9831534913471307,Bajo,10,3
10014,Sintetico_Libro_10014,Libro,23.04,Web Scraping,2024-12-07,5,12,63,3.179719109667007,Bajo,10,3
10015,Sintetico_Libro_10015,Libro,20.14,Web Scraping,2024-10-07,0,10,2,3.051166980442092,Bajo,10,3
10016,Sintetico_Libro_10016,Libro,23.72,Web Scraping,2024-12-16,0,12,72,3.20761263258949,Bajo,10,3
10017,Sintetico_Libro_10017,Libro,24.52,Web Scraping,2024-11-12,1,11,38,3.239462458476589,Bajo,10,3
10018,Sintetico_Libro_10018,Libro,18.97,Web Scraping,2025-01-02,3,1,89,2.994231147427724,Bajo,10,3
10019,Sintetico_Libro_10019,Libro,25.08,Web Scraping,2024-11-26,1,11,52,3.261168737058452,Bajo,10,3
10020,Sintetico_Libro_10020,Libro,21.45,Web Scraping,2024-12-03,1,12,59,3.1112906141882632,Bajo,10,3
10021,Sintetico_Libro_10021,Libro,21.4,Web Scraping,2024-12-14,5,12,70,3.109060958860994,Bajo,10,3
10022,Sintetico_Libro_10022,Libro,25.1,Web Scraping,2024-11-08,4,11,34,3.261935314328648,Bajo,10,3
10023,Sintetico_Libro_10023,Libro,23.63,Web Scraping,2024-12-21,5,12,77,3.2039652121324464,Bajo,10,3
10024,Sintetico_Libro_10024,Libro,20.59,Web Scraping,2024-10-08,1,10,3,3.072230244526716,Bajo,10,3
10025,Sintetico_Libro_10025,Libro,22.11,Web Scraping,2024-10-06,6,10,1,3.1402654242862895,Bajo,10,3
10026,Sintetico_Libro_10026,Libro,20.23,Web Scraping,2024-10-08,1,10,3,3.055415275715165,Bajo,10,3
10027,Sintetico_Libro_10027,Libro,22.22,Web Scraping,2024-11-27,2,11,53,3.1450139762697455,Bajo,10,3
10028,Sintetico_Libro_10028,Libro,18.68,Web Scraping,2024-10-18,4,10,13,2.9796028916241073,Bajo,10,3
10029,Sintetico_Libro_10029,Libro,20.88,Web Scraping,2024-11-21,3,11,47,3.0855729775537806,Bajo,10,3
10030,Sintetico_Libro_10030,Libro,24.35,Web Scraping,2024-12-05,3,12,61,3.232778730037192,Bajo,10,3
10031,Sintetico_Libro_10031,Libro,19.34,Web Scraping,2024-11-13,2,11,39,3.012589390620414,Bajo,10,3
10032,Sintetico_Libro_10032,Libro,23.83,Web Scraping,2024-11-26,1,11,52,3.2120525995200753,Bajo,10,3
10033,Sintetico_Libro_10033,Libro,24.19,Web Scraping,2024-10-28,0,10,23,3.226447090364519,Bajo,10,3
10034,Sintetico_Libro_10034,Libro,20.29,Web Scraping,2024-11-14,3,11,40,3.058237478905388,Bajo,10,3
10035,Sintetico_Libro_10035,Libro,21.2,Web Scraping,2024-11-02,5,11,28,3.100092288878234,Bajo,10,3
10036,Sintetico_Libro_10036,Libro,24.04,Web Scraping,2024-11-08,4,11,34,3.2204745462318978,Bajo,10,3
10037,Sintetico_Libro_10037,Libro,24.63,Web Scraping,2024-11-08,4,11,34,3.24376354037598,Bajo,10,3
10038,Sintetico_Libro_10038,Libro,21.28,Web Scraping,2024-10-11,4,10,6,3.1036894150590832,Bajo,10,3
10039,Sintetico_Libro_10039,Libro,22.31,Web Scraping,2024-12-16,0,12,72,3.1488824530476656,Bajo,10,3
10040,Sintetico_Libro_10040,Libro,19.98,Web Scraping,2024-11-21,3,11,47,3.043569602968151,Bajo,10,3
10041,Sintetico_Libro_10041,Libro,25.04,Web Scraping,2024-10-27,6,10,22,3.2596338173403683,Bajo,10,3
10042,Sintetico_Libro_10042,Libro,25.26,Web Scraping,2024-11-17,6,11,43,3.26804686887465,Bajo,10,3
10043,Sintetico_Libro_10043,Libro,25.3,Web Scraping,2024-12-29,6,12,85,3.269568939183719,Bajo,10,3
10044,Sintetico_Libro_10044,Libro,22.77,Web Scraping,2024-11-20,2,11,46,3.1684242813721024,Bajo,10,3
10045,Sintetico_Libro_10045,Libro,24.86,Web Scraping,2024-12-21,5,12,77,3.2526973733437115,Bajo,10,3
10046,Sintetico_Libro_10046,Libro,23.81,Web Scraping,2024-10-18,4,10,13,3.21124679770371,Bajo,10,3
10047,Sintetico_Libro_10047,Libro,24.34,Web Scraping,2024-10-31,3,10,26,3.232384174892993,Bajo,10,3
10048,Sintetico_Libro_10048,Libro,17.82,Web Scraping,2024-11-15,4,11,41,2.9349201341572337,Bajo,10,3
10049,Sintetico_Libro_10049,Libro,24.5,Web Scraping,2024-12-20,4,12,76,3.2386784521643803,Bajo,10,3
10050,Sintetico_Libro_10050,Libro,23.2,Web Scraping,2024-11-25,0,11,51,3.186352633162641,Bajo,10,3
10051,Sintetico_Libro_10051,Libro,22.69,Web Scraping,2024-10-08,1,10,3,3.165053018170694,Bajo,10,3
10052,Sintetico_Libro_10052,Libro,22.48,Web Scraping,2024-10-19,5,10,14,3.1561489949598958,Bajo,10,3
10053,Sintetico_Libro_10053,Libro,23.6,Web Scraping,2024-11-16,5,11,42,3.202746442938317,Bajo,10,3
10054,Sintetico_Libro_10054,Libro,26.06,Web Scraping,2024-11-01,4,11,27,3.2980566227426418,Bajo,10,3
10055,Sintetico_Libro_10055,Libro,24.51,Web Scraping,2024-12-09,0,12,65,3.23907053215372,Bajo,10,3
10056,Sintetico_Libro_10056,Libro,20.06,Web Scraping,2024-10-10,3,10,5,3.0473755067058295,Bajo,10,3
10057,Sintetico_Libro_10057,Libro,24.64,Web Scraping,2024-11-01,4,11,27,3.2441536320524693,Bajo,10,3
10058,Sintetico_Libro_10058,Libro,21.88,Web Scraping,2024-11-03,6,11,29,3.130263166511597,Bajo,10,3
10059,Sintetico_Libro_10059,Libro,23.9,Web Scraping,2024-12-05,3,12,61,3.214867803470662,Bajo,10,3
10060,Sintetico_Libro_10060,Libro,25.57,Web Scraping,2025-01-01,2,1,88,3.279782759771722,Bajo,10,3
10061,Sintetico_Libro_10061,Libro,23.25,Web Scraping,2024-12-05,3,12,61,3.188416617383492,Bajo,10,3
10062,Sintetico_Libro_10062,Libro,22.41,Web Scraping,2024-12-05,3,12,61,3.1531632815028194,Bajo,10,3
10063,Sintetico_Libro_10063,Libro,22.19,Web Scraping,2024-12-20,4,12,76,3.1437211512674406,Bajo,10,3
10064,Sintetico_Libro_10064,Libro,17.75,Web Scraping,2024-11-10,6,11,36,2.9311937524164198,Bajo,10,3
10065,Sintetico_Libro_10065,Libro,23.58,Web Scraping,2024-11-24,6,11,50,3.201933104137889,Bajo,10,3
10066,Sintetico_Libro_10066,Libro,21.15,Web Scraping,2024-12-02,0,12,58,3.0978374964911444,Bajo,10,3
10067,Sintetico_Libro_10067,Libro,21.32,Web Scraping,2024-11-05,1,11,31,3.1054831375131102,Bajo,10,3
10068,Sintetico_Libro_10068,Libro,26.57,Web Scraping,2024-12-05,3,12,61,3.3167282250357055,Bajo,10,3
10069,Sintetico_Libro_10069,Libro,23.25,Web Scraping,2024-12-01,6,12,57,3.188416617383492,Bajo,10,3
10070,Sintetico_Libro_10070,Libro,19.18,Web Scraping,2024-11-29,4,11,55,3.004692014925463,Bajo,10,3
10071,Sintetico_Libro_10071,Libro,22.86,Web Scraping,2024-12-24,1,12,80,3.17220341666977,Bajo,10,3
10072,Sintetico_Libro_10072,Libro,22.05,Web Scraping,2024-10-05,5,10,0,3.1376657694426577,Bajo,10,3
10073,Sintetico_Libro_10073,Libro,22.74,Web Scraping,2024-10-23,2,10,18,3.167161389181522,Bajo,10,3
10074,Sintetico_Libro_10074,Libro,23.56,Web Scraping,2025-01-02,3,1,89,3.2011191032789417,Bajo,10,3
10075,Sintetico_Libro_10075,Libro,26.74,Web Scraping,2024-11-05,1,11,31,3.3228754148866853,Bajo,10,3
10076,Sintetico_Libro_10076,Libro,27.1,Web Scraping,2024-11-28,3,11,54,3.3357695763397,Bajo,10,3
10077,Sintetico_Libro_10077,Libro,25.3,Web Scraping,2024-12-18,2,12,74,3.269568939183719,Bajo,10,3
10078,Sintetico_Libro_10078,Libro,20.34,Web Scraping,2024-11-11,0,11,37,3.060583245873607,Bajo,10,3
10079,Sintetico_Libro_10079,Libro,21.61,Web Scraping,2024-10-28,0,10,23,3.1183922862898785,Bajo,10,3
10080,Sintetico_Libro_10080,Libro,23.6,Web Scraping,2024-12-29,6,12,85,3.202746442938317,Bajo,10,3
10081,Sintetico_Libro_10081,Libro,22.86,Web Scraping,2024-10-15,1,10,10,3.17220341666977,Bajo,10,3
10082,Sintetico_Libro_10082,Libro,23.9,Web Scraping,2024-12-16,0,12,72,3.214867803470662,Bajo,10,3
10083,Sintetico_Libro_10083,Libro,23.96,Web Scraping,2024-12-02,0,12,58,3.217274543501227,Bajo,10,3
10084,Sintetico_Libro_10084,Libro,26.22,Web Scraping,2024-10-23,2,10,18,3.30395199722332,Bajo,10,3
10085,Sintetico_Libro_10085,Libro,24.6,Web Scraping,2025-01-02,3,1,89,3.242592351485517,Bajo,10,3
10086,Sintetico_Libro_10086,Libro,19.9,Web Scraping,2024-12-14,5,12,70,3.039749158970765,Bajo,10,3
10087,Sintetico_Libro_10087,Libro,23.04,Web Scraping,2024-11-25,0,11,51,3.179719109667007,Bajo,10,3
10088,Sintetico_Libro_10088,Libro,22.63,Web Scraping,2024-11-12,1,11,38,3.1625170911988163,Bajo,10,3
10089,Sintetico_Libro_10089,Libro,24.1,Web Scraping,2024-12-25,2,12,81,3.2228678461377385,Bajo,10,3
10090,Sintetico_Libro_10090,Libro,23.84,Web Scraping,2024-11-30,5,11,56,3.212455257065278,Bajo,10,3
10091,Sintetico_Libro_10091,Libro,24.71,Web Scraping,2025-01-01,2,1,88,3.246880021277798,Bajo,10,3
10092,Sintetico_Libro_10092,Libro,23.31,Web Scraping,2024-11-15,4,11,41,3.1908877883280318,Bajo,10,3
10093,Sintetico_Libro_10093,Libro,20.1,Web Scraping,2024-10-11,4,10,6,3.0492730404820207,Bajo,10,3
10094,Sintetico_Libro_10094,Libro,24.93,Web Scraping,2024-12-03,1,12,59,3.255400599550573,Bajo,10,3
10095,Sintetico_Libro_10095,Libro,23.93,Web Scraping,2024-10-06,6,10,1,3.2160718975354663,Bajo,10,3
10096,Sintetico_Libro_10096,Libro,24.85,Web Scraping,2024-10-13,6,10,8,3.2523106009544382,Bajo,10,3
10097,Sintetico_Libro_10097,Libro,23.2,Web Scraping,2024-10-23,2,10,18,3.186352633162641,Bajo,10,3
10098,Sintetico_Libro_10098,Libro,23.92,Web Scraping,2024-10-28,0,10,23,3.2156706939192525,Bajo,10,3
10099,Sintetico_Libro_10099,Libro,23.48,Web Scraping,2024-11-27,2,11,53,3.1978564576441255,Bajo,10,3
10100,Sintetico_Libro_10100,Libro,24.11,Web Scraping,2024-12-18,2,12,74,3.2232661731694936,Bajo,10,3
10101,Sintetico_Libro_10101,Libro,25.27,Web Scraping,2024-12-15,6,12,71,3.2684276036974484,Bajo,10,3
10102,Sintetico_Libro_10102,Libro,24.17,Web Scraping,2025-01-01,2,1,88,3.2256528091472245,Bajo,10,3
10103,Sintetico_Libro_10103,Libro,25.05,Web Scraping,2024-10-29,1,10,24,3.260017768199376,Bajo,10,3
10104,Sintetico_Libro_10104,Libro,26.53,Web Scraping,2024-12-23,0,12,79,3.315276319154516,Bajo,10,3
10105,Sintetico_Libro_10105,Libro,23.83,Web Scraping,2024-12-04,2,12,60,3.2120525995200753,Bajo,10,3
10106,Sintetico_Libro_10106,Libro,24.33,Web Scraping,2024-11-06,2,11,32,3.231989464013584,Bajo,10,3
10107,Sintetico_Libro_10107,Libro,21.05,Web Scraping,2024-10-18,4,10,13,3.093312601892855,Bajo,10,3
10108,Sintetico_Libro_10108,Libro,25.16,Web Scraping,2024-10-12,5,10,7,3.264231526588998,Bajo,10,3
10109,Sintetico_Libro_10109,Libro,21.31,Web Scraping,2024-10-11,4,10,6,3.105035008444441,Bajo,10,3
10110,Sintetico_Libro_10110,Libro,21.04,Web Scraping,2024-11-21,3,11,47,3.092858984284714,Bajo,10,3
10111,Sintetico_Libro_10111,Libro,25.05,Web Scraping,2024-12-19,3,12,75,3.260017768199376,Bajo,10,3
10112,Sintetico_Libro_10112,Libro,27.32,Web Scraping,2024-10-26,5,10,21,3.343568268825519,Bajo,10,3
10113,Sintetico_Libro_10113,Libro,23.19,Web Scraping,2024-11-03,6,11,29,3.185939324621936,Bajo,10,3
10114,Sintetico_Libro_10114,Libro,22.76,Web Scraping,2024-11-27,2,11,53,3.168003494494444,Bajo,10,3
10115,Sintetico_Libro_10115,Libro,23.57,Web Scraping,2024-10-12,5,10,7,3.201526186533088,Bajo,10,3
10116,Sintetico_Libro_10116,Libro,25.25,Web Scraping,2024-11-03,6,11,29,3.2676659890376327,Bajo,10,3
10117,Sintetico_Libro_10117,Libro,23.95,Web Scraping,2024-11-01,4,11,27,3.2168738221975275,Bajo,10,3
10118,Sintetico_Libro_10118,Libro,24.56,Web Scraping,2024-12-04,2,12,60,3.241028629509334,Bajo,10,3
10119,Sintetico_Libro_10119,Libro,23.67,Web Scraping,2024-11-21,3,11,47,3.2055879305412653,Bajo,10,3
10120,Sintetico_Libro_10120,Libro,20.83,Web Scraping,2024-11-03,6,11,29,3.0832851705618523,Bajo,10,3
10121,Sintetico_Libro_10121,Libro,23.84,Web Scraping,2024-11-19,1,11,45,3.212455257065278,Bajo,10,3
10122,Sintetico_Libro_10122,Libro,22.47,Web Scraping,2024-11-10,6,11,36,3.1557230098629323,Bajo,10,3
10123,Sintetico_Libro_10123,Libro,24.29,Web Scraping,2024-10-28,0,10,23,3.2304090606818736,Bajo,10,3
10124,Sintetico_Libro_10124,Libro,24.08,Web Scraping,2024-12-03,1,12,59,3.22207071576472,Bajo,10,3
10125,Sintetico_Libro_10125,Libro,19.13,Web Scraping,2024-12-06,4,12,62,3.0022112396517002,Bajo,10,3
10126,Sintetico_Libro_10126,Libro,21.06,Web Scraping,2024-11-06,2,11,32,3.0937660138253564,Bajo,10,3
10127,Sintetico_Libro_10127,Libro,21.75,Web Scraping,2024-12-10,1,12,66,3.1245651453969594,Bajo,10,3
10128,Sintetico_Libro_10128,Libro,23.32,Web Scraping,2024-11-27,2,11,53,3.1912990570979662,Bajo,10,3
10129,Sintetico_Libro_10129,Libro,20.49,Web Scraping,2024-12-01,6,12,57,3.067587710654419,Bajo,10,3
10130,Sintetico_Libro_10130,Libro,24.14,Web Scraping,2024-10-27,6,10,22,3.2244602031621015,Bajo,10,3
10131,Sintetico_Libro_10131,Libro,20.81,Web Scraping,2024-12-09,0,12,65,3.0823685802135374,Bajo,10,3
10132,Sintetico_Libro_10132,Libro,21.25,Web Scraping,2025-01-02,3,1,89,3.1023420086122493,Bajo,10,3
10133,Sintetico_Libro_10133,Libro,20.91,Web Scraping,2024-10-21,0,10,16,3.086943153607375,Bajo,10,3
10134,Sintetico_Libro_10134,Libro,23.78,Web Scraping,2024-11-15,4,11,41,3.2100368762009963,Bajo,10,3
10135,Sintetico_Libro_10135,Libro,26.36,Web Scraping,2024-10-30,2,10,25,3.3090820927543496,Bajo,10,3
10136,Sintetico_Libro_10136,Libro,23.5,Web Scraping,2024-10-17,3,10,12,3.1986731175506815,Bajo,10,3
10137,Sintetico_Libro_10137,Libro,23.41,Web Scraping,2024-12-03,1,12,59,3.1949928844048685,Bajo,10,3
10138,Sintetico_Tech_10138,Tech,29.99,CSV,2024-11-18,0,11,44,3.433664571799657,Bajo,16,2
10139,Sintetico_Tech_10139,Tech,29.99,CSV,2024-10-24,3,10,19,3.433664571799657,Bajo,16,2
10140,Sintetico_Tech_10140,Tech,29.99,CSV,2024-10-20,6,10,15,3.433664571799657,Bajo,16,2
10141,Sintetico_Tech_10141,Tech,29.99,CSV,2024-10-18,4,10,13,3.433664571799657,Bajo,16,2
10142,Sintetico_Tech_10142,Tech,29.99,CSV,2024-12-09,0,12,65,3.433664571799657,Bajo,16,2
10143,Sintetico_Tech_10143,Tech,29.99,CSV,2024-11-05,1,11,31,3.433664571799657,Bajo,16,2
10144,Sintetico_Tech_10144,Tech,29.99,CSV,2024-10-29,1,10,24,3.433664571799657,Bajo,16,2
10145,Sintetico_Tech_10145,Tech,29.99,CSV,2024-12-01,6,12,57,3.433664571799657,Bajo,16,2
10146,Sintetico_Tech_10146,Tech,29.99,CSV,2024-12-01,6,12,57,3.433664571799657,Bajo,16,2
10147,Sintetico_Tech_10147,Tech,29.99,CSV,2024-12-01,6,12,57,3.433664571799657,Bajo,16,2
10148,Sintetico_Tech_10148,Tech,29.99,CSV,2024-12-03,1,12,59,3.433664571799657,Bajo,16,2
10149,Sintetico_Tech_10149,Tech,29.99,CSV,2024-10-12,5,10,7,3.433664571799657,Bajo,16,2
10150,Sintetico_Tech_10150,Tech,29.99,CSV,2024-10-09,2,10,4,3.433664571799657,Bajo,16,2
10151,Sintetico_Tech_10151,Tech,29.99,CSV,2024-12-11,2,12,67,3.433664571799657,Bajo,16,2
10152,Sintetico_Tech_10152,Tech,29.99,CSV,2024-11-20,2,11,46,3.433664571799657,Bajo,16,2
10153,Sintetico_Tech_10153,Tech,29.99,CSV,2024-11-28,3,11,54,3.433664571799657,Bajo,16,2
10154,Sintetico_Tech_10154,Tech,29.99,CSV,2024-10-23,2,10,18,3.433664571799657,Bajo,16,2
10155,Sintetico_Tech_10155,Tech,29.99,CSV,2024-12-01,6,12,57,3.433664571799657,Bajo,16,2
10156,Sintetico_Tech_10156,Tech,29.99,CSV,2024-12-01,6,12,57,3.433664571799657,Bajo,16,2
10157,Sintetico_Tech_10157,Tech,29.99,CSV,2024-10-05,5,10,0,3.433664571799657,Bajo,16,2
10158,Sintetico_Tech_10158,Tech,29.99,CSV,2024-11-21,3,11,47,3.433664571799657,Bajo,16,2
10159,Sintetico_Tech_10159,Tech,29.99,CSV,2025-01-01,2,1,88,3.433664571799657,Bajo,16,2
10160,Sintetico_Tech_10160,Tech,29.99,CSV,2024-10-20,6,10,15,3.433664571799657,Bajo,16,2
10161,Sintetico_Software_10161,Software,79.99,CSV,2024-12-04,2,12,60,4.3943256902608985,Alto,15,2
10162,Sintetico_Software_10162,Software,79.99,CSV,2024-10-26,5,10,21,4.3943256902608985,Alto,15,2
10163,Sintetico_Software_10163,Software,79.99,CSV,2024-12-10,1,12,66,4.3943256902608985,Alto,15,2
10164,Sintetico_Software_10164,Software,79.99,CSV,2024-12-29,6,12,85,4.3943256902608985,Alto,15,2
10165,Sintetico_Software_10165,Software,79.99,CSV,2024-11-30,5,11,56,4.3943256902608985,Alto,15,2
10166,Sintetico_Software_10166,Software,79.99,CSV,2024-11-20,2,11,46,4.3943256902608985,Alto,15,2
10167,Sintetico_Software_10167,Software,79.99,CSV,2024-12-05,3,12,61,4.3943256902608985,Alto,15,2
10168,Sintetico_Software_10168,Software,79.99,CSV,2025-01-02,3,1,89,4.3943256902608985,Alto,15,2
10169,Sintetico_Software_10169,Software,79.99,CSV,2025-01-02,3,1,89,4.3943256902608985,Alto,15,2
10170,Sintetico_Software_10170,Software,79.99,CSV,2024-11-06,2,11,32,4.3943256902608985,Alto,15,2
10171,Sintetico_Software_10171,Software,79.99,CSV,2024-10-27,6,10,22,4.3943256902608985,Alto,15,2
10172,Sintetico_Software_10172,Software,79.99,CSV,2024-10-14,0,10,9,4.3943256902608985,Alto,15,2
10173,Sintetico_Software_10173,Software,79.99,CSV,2024-10-23,2,10,18,4.3943256902608985,Alto,15,2
10174,Sintetico_Software_10174,Software,79.99,CSV,2024-12-12,3,12,68,4.3943256902608985,Alto,15,2
10175,Sintetico_Software_10175,Software,79.99,CSV,2024-10-08,1,10,3,4.3943256902608985,Alto,15,2
10176,Sintetico_Software_10176,Software,79.99,CSV,2024-10-06,6,10,1,4.3943256902608985,Alto,15,2
10177,Sintetico_Software_10177,Software,79.99,CSV,2024-11-05,1,11,31,4.3943256902608985,Alto,15,2
10178,Sintetico_Software_10178,Software,79.99,CSV,2024-11-23,5,11,49,4.3943256902608985,Alto,15,2
10179,Sintetico_Software_10179,Software,79.99,CSV,2024-11-08,4,11,34,4.3943256902608985,Alto,15,2
10180,Sintetico_Software_10180,Software,79.99,CSV,2024-11-24,6,11,50,4.3943256902608985,Alto,15,2
10181,Sintetico_Software_10181,Software,79.99,CSV,2024-11-16,5,11,42,4.3943256902608985,Alto,15,2
10182,Sintetico_Software_10182,Software,79.99,CSV,2024-11-06,2,11,32,4.3943256902608985,Alto,15,2
10183,Sintetico_Software_10183,Software,79.99,CSV,2024-11-13,2,11,39,4.3943256902608985,Alto,15,2
10184,Sintetico_Hardware_10184,Hardware,99.99,CSV,2024-10-12,5,10,7,4.6150215020384655,Alto,7,2
10185,Sintetico_Hardware_10185,Hardware,99.99,CSV,2024-10-30,2,10,25,4.6150215020384655,Alto,7,2
10186,Sintetico_Hardware_10186,Hardware,99.99,CSV,2024-10-11,4,10,6,4.6150215020384655,Alto,7,2
10187,Sintetico_Hardware_10187,Hardware,99.99,CSV,2024-12-11,2,12,67,4.6150215020384655,Alto,7,2
10188,Sintetico_Hardware_10188,Hardware,99.99,CSV,2024-12-18,2,12,74,4.6150215020384655,Alto,7,2
10189,Sintetico_Hardware_10189,Hardware,99.99,CSV,2024-11-02,5,11,28,4.6150215020384655,Alto,7,2
10190,Sintetico_Hardware_10190,Hardware,99.99,CSV,2024-11-09,5,11,35,4.6150215020384655,Alto,7,2
10191,Sintetico_Hardware_10191,Hardware,99.99,CSV,2024-10-14,0,10,9,4.6150215020384655,Alto,7,2
10192,Sintetico_Hardware_10192,Hardware,99.99,CSV,2024-11-22,4,11,48,4.6150215020384655,Alto,7,2
10193,Sintetico_Hardware_10193,Hardware,99.99,CSV,2024-11-09,5,11,35,4.6150215020384655,Alto,7,2
10194,Sintetico_Hardware_10194,Hardware,99.99,CSV,2024-10-28,0,10,23,4.6150215020384655,Alto,7,2
10195,Sintetico_Hardware_10195,Hardware,99.99,CSV,2024-10-27,6,10,22,4.6150215020384655,Alto,7,2
10196,Sintetico_Hardware_10196,Hardware,99.99,CSV,2025-01-01,2,1,88,4.6150215020384655,Alto,7,2
10197,Sintetico_Hardware_10197,Hardware,99.99,CSV,2024-11-03,6,11,29,4.6150215020384655,Alto,7,2
10198,Sintetico_Hardware_10198,Hardware,99.99,CSV,2025-01-01,2,1,88,4.6150215020384655,Alto,7,2
10199,Sintetico_Hardware_10199,Hardware,99.99,CSV,2024-12-29,6,12,85,4.6150215020384655,Alto,7,2
10200,Sintetico_Hardware_10200,Hardware,99.99,CSV,2024-10-16,2,10,11,4.6150215020384655,Alto,7,2
10201,Sintetico_Hardware_10201,Hardware,99.99,CSV,2024-12-04,2,12,60,4.6150215020384655,Alto,7,2
10202,Sintetico_Hardware_10202,Hardware,99.99,CSV,2024-11-25,0,11,51,4.6150215020384655,Alto,7,2
10203,Sintetico_Hardware_10203,Hardware,99.99,CSV,2024-12-26,3,12,82,4.6150215020384655,Alto,7,2
10204,Sintetico_Hardware_10204,Hardware,99.99,CSV,2024-12-12,3,12,68,4.6150215020384655,Alto,7,2
10205,Sintetico_Hardware_10205,Hardware,99.99,CSV,2024-10-16,2,10,11,4.6150215020384655,Alto,7,2
10206,Sintetico_Hardware_10206,Hardware,99.99,CSV,2024-11-26,1,11,52,4.6150215020384655,Alto,7,2
10207,Sintetico_Curso_10207,Curso,149.99,CSV,2024-10-27,6,10,22,5.017213609456379,Premium,2,2
10208,Sintetico_Curso_10208,Curso,149.99,CSV,2024-11-26,1,11,52,5.017213609456379,Premium,2,2
10209,Sintetico_Curso_10209,Curso,149.99,CSV,2024-11-15,4,11,41,5.017213609456379,Premium,2,2
10210,Sintetico_Curso_10210,Curso,149.99,CSV,2024-12-19,3,12,75,5.017213609456379,Premium,2,2
10211,Sintetico_Curso_10211,Curso,149.99,CSV,2024-10-13,6,10,8,5.017213609456379,Premium,2,2
10212,Sintetico_Curso_10212,Curso,149.99,CSV,2024-10-11,4,10,6,5.017213609456379,Premium,2,2
10213,Sintetico_Curso_10213,Curso,149.99,CSV,2024-11-19,1,11,45,5.017213609456379,Premium,2,2
10214,Sintetico_Curso_10214,Curso,149.99,CSV,2024-11-23,5,11,49,5.017213609456379,Premium,2,2
10215,Sintetico_Curso_10215,Curso,149.99,CSV,2024-10-31,3,10,26,5.017213609456379,Premium,2,2
10216,Sintetico_Curso_10216,Curso,149.99,CSV,2024-11-10,6,11,36,5.017213609456379,Premium,2,2
10217,Sintetico_Curso_10217,Curso,149.99,CSV,2024-11-11,0,11,37,5.017213609456379,Premium,2,2
10218,Sintetico_Curso_10218,Curso,149.99,CSV,2024-12-14,5,12,70,5.017213609456379,Premium,2,2
10219,Sintetico_Curso_10219,Curso,149.99,CSV,2025-01-01,2,1,88,5.017213609456379,Premium,2,2
10220,Sintetico_Curso_10220,Curso,149.99,CSV,2024-11-04,0,11,30,5.017213609456379,Premium,2,2
10221,Sintetico_Curso_10221,Curso,149.99,CSV,2024-10-23,2,10,18,5.017213609456379,Premium,2,2
10222,Sintetico_Curso_10222,Curso,149.99,CSV,2024-12-17,1,12,73,5.017213609456379,Premium,2,2
10223,Sintetico_Curso_10223,Curso,149.99,CSV,2025-01-02,3,1,89,5.017213609456379,Premium,2,2
10224,Sintetico_Curso_10224,Curso,149.99,CSV,2024-11-18,0,11,44,5.017213609456379,Premium,2,2
10225,Sintetico_Curso_10225,Curso,149.99,CSV,2024-10-17,3,10,12,5.017213609456379,Premium,2,2
10226,Sintetico_Curso_10226,Curso,149.99,CSV,2024-10-24,3,10,19,5.017213609456379,Premium,2,2
10227,Sintetico_Curso_10227,Curso,149.99,CSV,2024-12-15,6,12,71,5.017213609456379,Premium,2,2
10228,Sintetico_Curso_10228,Curso,149.99,CSV,2024-10-05,5,10,0,5.017213609456379,Premium,2,2
10229,Sintetico_Curso_10229,Curso,149.99,CSV,2024-10-07,0,10,2,5.017213609456379,Premium,2,2
10230,Sintetico_Service_10230,Service,84.29,API,2024-12-06,4,12,62,4.446057214331018,Alto,14,0
10231,Sintetico_Service_10231,Service,80.97,API,2024-10-29,1,10,24,4.406353326664939,Alto,14,0
10232,Sintetico_Service_10232,Service,77.42,API,2024-10-10,3,10,5,4.362078996864185,Alto,14,0
10233,Sintetico_Service_10233,Service,84.0,API,2024-12-01,6,12,57,4.442651256490317,Alto,14,0
10234,Sintetico_Service_10234,Service,82.08,API,2024-11-09,5,11,35,4.419803999007912,Alto,14,0
10235,Sintetico_Service_10235,Service,80.34,API,2024-10-23,2,10,18,4.398637900479079,Alto,14,0
10236,Sintetico_Service_10236,Service,80.44,API,2024-11-22,4,11,48,4.399866552802212,Alto,14,0
10237,Sintetico_Service_10237,Service,84.33,API,2024-10-18,4,10,13,4.446526092548494,Alto,14,0
10238,Sintetico_Service_10238,Service,72.86,API,2024-12-30,0,12,86,4.3021714094244174,Alto,14,0
10239,Sintetico_Service_10239,Service,92.78,API,2024-11-30,5,11,56,4.5409516136614405,Alto,14,0
10240,Sintetico_Service_10240,Service,79.06,API,2024-10-28,0,10,23,4.382776353564427,Alto,14,0
10241,Sintetico_Service_10241,Service,75.3,API,2024-11-01,4,11,27,4.334672938290411,Alto,14,0
10242,Sintetico_Service_10242,Service,72.12,API,2024-11-09,5,11,35,4.292101927145895,Alto,14,0
10243,Sintetico_Service_10243,Service,76.2,API,2025-01-02,3,1,89,4.3463994570307305,Alto,14,0
10244,Sintetico_Service_10244,Service,69.12,API,2024-11-01,4,11,27,4.250208060053033,Alto,14,0
10245,Sintetico_Service_10245,Service,75.65,API,2024-11-14,3,11,40,4.339249605317823,Alto,14,0
10246,Sintetico_Service_10246,Service,77.58,API,2024-12-06,4,12,62,4.364117214130314,Alto,14,0
10247,Sintetico_Service_10247,Service,66.59,API,2024-10-21,0,10,16,4.213460043112263,Alto,14,0
10248,Sintetico_Service_10248,Service,74.94,API,2024-12-20,4,12,76,4.3299435548036564,Alto,14,0
10249,Sintetico_Service_10249,Service,67.08,API,2024-11-02,5,11,28,4.220683484265119,Alto,14,0
10250,Sintetico_Service_10250,Service,79.23,API,2024-12-12,3,12,68,4.3848975097655645,Alto,14,0
10251,Sintetico_Service_10251,Service,85.57,API,2024-11-20,2,11,46,4.460953335227682,Alto,14,0
10252,Sintetico_Service_10252,Service,81.41,API,2024-10-09,2,10,4,4.411706788775292,Alto,14,0
10253,Sintetico_Cloud_10253,Cloud,104.27,API,2024-11-06,2,11,32,4.656528478263233,Premium,1,0
10254,Sintetico_Cloud_10254,Cloud,94.85,API,2024-11-22,4,11,48,4.562784469491653,Alto,1,0
10255,Sintetico_Cloud_10255,Cloud,108.29,API,2024-10-15,1,10,10,4.694004899688582,Premium,1,0
10256,Sintetico_Cloud_10256,Cloud,81.66,API,2024-12-29,6,12,85,4.414735809083586,Alto,1,0
10257,Sintetico_Cloud_10257,Cloud,106.87,API,2024-12-02,0,12,58,4.680926798387338,Premium,1,0
10258,Sintetico_Cloud_10258,Cloud,98.01,API,2024-10-05,5,10,0,4.595220855134423,Alto,1,0
10259,Sintetico_Cloud_10259,Cloud,98.03,API,2024-10-25,4,10,20,4.5954228345332115,Alto,1,0
10260,Sintetico_Cloud_10260,Cloud,95.78,API,2024-11-26,1,11,52,4.572440361365173,Alto,1,0
10261,Sintetico_Cloud_10261,Cloud,96.13,API,2024-11-10,6,11,36,4.5760502874142395,Alto,1,0
10262,Sintetico_Cloud_10262,Cloud,90.44,API,2024-12-28,5,12,84,4.515683019486556,Alto,1,0
10263,Sintetico_Cloud_10263,Cloud,106.89,API,2024-12-21,5,12,77,4.681112189563248,Premium,1,0
10264,Sintetico_Cloud_10264,Cloud,90.34,API,2024-11-18,0,11,44,4.514588807756853,Alto,1,0
10265,Sintetico_Cloud_10265,Cloud,89.34,API,2024-12-20,4,12,76,4.503580330226458,Alto,1,0
10266,Sintetico_Cloud_10266,Cloud,98.48,API,2024-11-05,1,11,31,4.599956618935204,Alto,1,0
10267,Sintetico_Cloud_10267,Cloud,93.62,API,2024-11-07,3,11,33,4.549868870203002,Alto,1,0
10268,Sintetico_Cloud_10268,Cloud,88.93,API,2024-10-30,2,10,25,4.499031589926425,Alto,1,0
10269,Sintetico_Cloud_10269,Cloud,93.24,API,2024-11-07,3,11,33,4.545844719903276,Alto,1,0
10270,Sintetico_Cloud_10270,Cloud,106.22,API,2024-11-23,5,11,49,4.674882798399391,Premium,1,0
10271,Sintetico_Cloud_10271,Cloud,94.99,API,2024-10-16,2,10,11,4.564244019375446,Alto,1,0
10272,Sintetico_Cloud_10272,Cloud,91.11,API,2024-10-27,6,10,22,4.522983515000144,Alto,1,0
10273,Sintetico_Cloud_10273,Cloud,116.61,API,2024-12-22,6,12,78,4.7673740658629455,Premium,1,0
10274,Sintetico_Cloud_10274,Cloud,100.62,API,2024-12-18,2,12,74,4.621240366165586,Premium,1,0
10275,Sintetico_Cloud_10275,Cloud,105.71,API,2024-11-24,6,11,50,4.6701148746284735,Premium,1,0
10276,Sintetico_Mobile_10276,Mobile,113.16,API,2024-11-11,0,11,37,4.737600973168581,Premium,12,0
10277,Sintetico_Mobile_10277,Mobile,117.84,API,2024-11-23,5,11,49,4.7777780505944065,Premium,12,0
10278,Sintetico_Mobile_10278,Mobile,97.01,API,2024-11-24,6,11,50,4.585069514281089,Alto,12,0
10279,Sintetico_Mobile_10279,Mobile,123.11,API,2024-12-06,4,12,62,4.82116826914143,Premium,12,0
10280,Sintetico_Mobile_10280,Mobile,114.2,API,2024-12-31,1,12,87,4.746669748261791,Premium,12,0
10281,Sintetico_Mobile_10281,Mobile,125.37,API,2024-12-22,6,12,78,4.839214111770589,Premium,12,0
10282,Sintetico_Mobile_10282,Mobile,124.63,API,2024-11-24,6,11,50,4.833341079016327,Premium,12,0
10283,Sintetico_Mobile_10283,Mobile,99.9,API,2024-12-24,1,12,80,4.6141299273595635,Alto,12,0
10284,Sintetico_Mobile_10284,Mobile,111.12,API,2024-12-27,4,12,83,4.719569726296587,Premium,12,0
10285,Sintetico_Mobile_10285,Mobile,117.79,API,2024-12-31,1,12,87,4.777357228301448,Premium,12,0
10286,Sintetico_Mobile_10286,Mobile,112.29,API,2024-12-09,0,12,65,4.729950902885397,Premium,12,0
10287,Sintetico_Mobile_10287,Mobile,107.28,API,2024-12-20,4,12,76,4.684720464746101,Premium,12,0
10288,Sintetico_Mobile_10288,Mobile,114.33,API,2024-12-18,2,12,74,4.747797584237848,Premium,12,0
10289,Sintetico_Mobile_10289,Mobile,99.97,API,2024-10-27,6,10,22,4.614823443016229,Alto,12,0
10290,Sintetico_Mobile_10290,Mobile,114.25,API,2024-10-08,1,10,3,4.747103681876758,Premium,12,0
10291,Sintetico_Mobile_10291,Mobile,103.51,API,2024-11-29,4,11,55,4.649282760606412,Premium,12,0
10292,Sintetico_Mobile_10292,Mobile,119.44,API,2024-10-31,3,10,26,4.791151703613533,Premium,12,0
10293,Sintetico_Mobile_10293,Mobile,109.31,API,2024-11-05,1,11,31,4.7032945839812905,Premium,12,0
10294,Sintetico_Mobile_10294,Mobile,107.57,API,2024-10-23,2,10,18,4.687395126243761,Premium,12,0
10295,Sintetico_Mobile_10295,Mobile,107.33,API,2024-10-25,4,10,20,4.6851821239574765,Premium,12,0
10296,Sintetico_Mobile_10296,Mobile,106.88,API,2024-12-04,2,12,60,4.681019498271529,Premium,12,0
10297,Sintetico_Mobile_10297,Mobile,104.72,API,2024-10-26,5,10,21,4.660794089736088,Premium,12,0
10298,Sintetico_Mobile_10298,Mobile,99.45,API,2024-11-07,3,11,33,4.609660091260944,Alto,12,0
10299,Sintetico_Web_10299,Web,125.17,API,2024-11-22,4,11,48,4.83763020393965,Premium,17,0
10300,Sintetico_Web_10300,Web,142.89,API,2024-12-16,0,12,72,4.9690491187753265,Premium,17,0
10301,Sintetico_Web_10301,Web,127.03,API,2024-10-30,2,10,25,4.852264611458088,Premium,17,0
10302,Sintetico_Web_10302,Web,130.97,API,2024-11-29,4,11,55,4.882574624028738,Premium,17,0
10303,Sintetico_Web_10303,Web,136.64,API,2024-12-06,4,12,62,4.924641580929279,Premium,17,0
10304,Sintetico_Web_10304,Web,128.2,API,2024-11-20,2,11,46,4.861361591348501,Premium,17,0
10305,Sintetico_Web_10305,Web,127.03,API,2024-11-29,4,11,55,4.852264611458088,Premium,17,0
10306,Sintetico_Web_10306,Web,146.26,API,2024-12-30,0,12,86,4.992199731940571,Premium,17,0
10307,Sintetico_Web_10307,Web,124.19,API,2024-12-21,5,12,77,4.829832583271571,Premium,17,0
10308,Sintetico_Web_10308,Web,140.26,API,2024-10-18,4,10,13,4.9506021639807765,Premium,17,0
10309,Sintetico_Web_10309,Web,124.69,API,2024-12-02,0,12,58,4.8338185579367465,Premium,17,0
10310,Sintetico_Web_10310,Web,133.74,API,2024-10-27,6,10,22,4.903346995532514,Premium,17,0
10311,Sintetico_Web_10311,Web,118.62,API,2024-10-22,1,10,17,4.784320051616411,Premium,17,0
10312,Sintetico_Web_10312,Web,139.27,API,2024-10-19,5,10,14,4.94356913673158,Premium,17,0
10313,Sintetico_Web_10313,Web,106.55,API,2024-12-07,5,12,63,4.677955855713739,Premium,17,0
10314,Sintetico_Web_10314,Web,120.52,API,2024-12-17,1,12,73,4.800078858287518,Premium,17,0
10315,Sintetico_Web_10315,Web,115.05,API,2024-11-12,1,11,38,4.754021132720446,Premium,17,0
10316,Sintetico_Web_10316,Web,118.02,API,2025-01-02,3,1,89,4.779291546216706,Premium,17,0
10317,Sintetico_Web_10317,Web,121.36,API,2024-11-17,6,11,43,4.806967519282702,Premium,17,0
10318,Sintetico_Web_10318,Web,120.96,API,2024-10-29,1,10,24,4.803693122120054,Premium,17,0
10319,Sintetico_Web_10319,Web,116.93,API,2024-12-11,2,12,67,4.770091228101879,Premium,17,0
10320,Sintetico_Web_10320,Web,137.78,API,2024-10-22,1,10,17,4.932889945471403,Premium,17,0
10321,Sintetico_Web_10321,Web,115.99,API,2024-12-29,6,12,85,4.76208846105951,Premium,17,0
10322,Sintetico_Digital_10322,Digital,154.76,API,2024-12-26,3,12,82,5.048316361063944,Premium,4,0
10323,Sintetico_Digital_10323,Digital,146.67,API,2024-11-15,4,11,41,4.994980054485683,Premium,4,0
10324,Sintetico_Digital_10324,Digital,135.04,API,2024-10-30,2,10,25,4.912948960138995,Premium,4,0
10325,Sintetico_Digital_10325,Digital,130.87,API,2024-12-07,5,12,63,4.881816588819608,Premium,4,0
10326,Sintetico_Digital_10326,Digital,126.51,API,2024-12-13,4,12,69,4.848194792895451,Premium,4,0
10327,Sintetico_Digital_10327,Digital,149.98,API,2024-11-06,2,11,32,5.017147377711479,Premium,4,0
10328,Sintetico_Digital_10328,Digital,140.54,API,2024-12-18,2,12,74,4.952582362647639,Premium,4,0
10329,Sintetico_Digital_10329,Digital,123.51,API,2024-12-05,3,12,61,4.824386033964322,Premium,4,0
10330,Sintetico_Digital_10330,Digital,135.43,API,2024-11-28,3,11,54,4.915811662574783,Premium,4,0
10331,Sintetico_Digital_10331,Digital,137.76,API,2024-10-13,6,10,8,4.932745822101549,Premium,4,0
10332,Sintetico_Digital_10332,Digital,142.64,API,2024-11-13,2,11,39,4.967310169357882,Premium,4,0
10333,Sintetico_Digital_10333,Digital,135.41,API,2024-11-09,5,11,35,4.915665056505029,Premium,4,0
10334,Sintetico_Digital_10334,Digital,148.8,API,2024-12-22,6,12,78,5.00930107108312,Premium,4,0
10335,Sintetico_Digital_10335,Digital,143.43,API,2024-10-10,3,10,5,4.972794961113076,Premium,4,0
10336,Sintetico_Digital_10336,Digital,142.17,API,2024-11-24,6,11,50,4.964032735372236,Premium,4,0
10337,Sintetico_Digital_10337,Digital,145.95,API,2024-12-05,3,12,61,4.990092392864926,Premium,4,0
10338,Sintetico_Digital_10338,Digital,143.06,API,2024-10-12,5,10,7,4.9702298794612165,Premium,4,0
10339,Sintetico_Digital_10339,Digital,148.42,API,2024-10-30,2,10,25,5.0067611325476555,Premium,4,0
10340,Sintetico_Digital_10340,Digital,149.91,API,2024-12-13,4,12,69,5.016683632630459,Premium,4,0
10341,Sintetico_Digital_10341,Digital,135.98,API,2024-10-30,2,10,25,4.919834929769759,Premium,4,0
10342,Sintetico_Digital_10342,Digital,135.97,API,2024-10-24,3,10,19,4.91976192374673,Premium,4,0
10343,Sintetico_Digital_10343,Digital,127.4,API,2024-10-16,2,10,11,4.855150391255861,Premium,4,0
10344,Sintetico_Digital_10344,Digital,144.37,API,2024-12-07,5,12,63,4.979282216438234,Premium,4,0
10345,Sintetico_Educación_10345,Educación,33.4,BD,2024-11-11,0,11,37,3.5380565643793527,Medio,5,1
10346,Sintetico_Educación_10346,Educación,33.2,BD,2024-12-20,4,12,76,3.5322256440685598,Medio,5,1
10347,Sintetico_Educación_10347,Educación,34.4,BD,2024-10-07,0,10,2,3.5667118201397288,Medio,5,1
10348,Sintetico_Educación_10348,Educación,34.04,BD,2024-10-14,0,10,9,3.5564902660681907,Medio,5,1
10349,Sintetico_Educación_10349,Educación,33.82,BD,2024-10-09,2,10,4,3.550191934340043,Medio,5,1
10350,Sintetico_Educación_10350,Educación,35.02,BD,2024-12-08,6,12,64,3.58407433974781,Medio,5,1
10351,Sintetico_Educación_10351,Educación,33.68,BD,2024-12-06,4,12,62,3.546163151912341,Medio,5,1
10352,Sintetico_Educación_10352,Educación,35.11,BD,2024-12-18,2,12,74,3.5865698352893665,Medio,5,1
10353,Sintetico_Educación_10353,Educación,34.82,BD,2024-10-19,5,10,14,3.578506396632566,Medio,5,1
10354,Sintetico_Educación_10354,Educación,32.07,BD,2024-11-22,4,11,48,3.4986265269937014,Medio,5,1
10355,Sintetico_Educación_10355,Educación,33.49,BD,2024-12-12,3,12,68,3.5406694269487495,Medio,5,1
10356,Sintetico_Educación_10356,Educación,34.48,BD,2024-10-13,6,10,8,3.5689691574413787,Medio,5,1
10357,Sintetico_Educación_10357,Educación,33.66,BD,2024-11-07,3,11,33,3.54558628428746,Medio,5,1
10358,Sintetico_Educación_10358,Educación,34.58,BD,2024-12-07,5,12,63,3.571783682237689,Medio,5,1
10359,Sintetico_Educación_10359,Educación,35.51,BD,2024-12-15,6,12,71,3.5975861956675455,Medio,5,1
10360,Sintetico_Educación_10360,Educación,34.62,BD,2024-12-03,1,12,59,3.5729072778615154,Medio,5,1
10361,Sintetico_Educación_10361,Educación,34.76,BD,2024-11-03,6,11,29,3.576829950305313,Medio,5,1
10362,Sintetico_Educación_10362,Educación,33.79,BD,2024-12-26,3,12,82,3.5493299891638506,Medio,5,1
10363,Sintetico_Educación_10363,Educación,34.56,BD,2024-12-21,5,12,77,3.571221410645704,Medio,5,1
10364,Sintetico_Educación_10364,Educación,32.3,BD,2024-11-15,4,11,41,3.505557396986398,Medio,5,1
10365,Sintetico_Educación_10365,Educación,34.48,BD,2025-01-01,2,1,88,3.5689691574413787,Medio,5,1
10366,Sintetico_Educación_10366,Educación,33.75,BD,2024-10-18,4,10,13,3.548179572010801,Medio,5,1
10367,Sintetico_Educación_10367,Educación,35.79,BD,2024-11-05,1,11,31,3.605226069116683,Medio,5,1
10368,Sintetico_Ciencias_10368,Ciencias,34.9,BD,2024-10-27,6,10,22,3.580737295494233,Medio,0,1
10369,Sintetico_Ciencias_10369,Ciencias,37.73,BD,2024-12-06,4,12,62,3.6566144935266607,Medio,0,1
10370,Sintetico_Ciencias_10370,Ciencias,35.44,BD,2024-12-09,0,12,65,3.5956670723917576,Medio,0,1
10371,Sintetico_Ciencias_10371,Ciencias,38.42,BD,2024-12-21,5,12,77,3.674273301724574,Medio,0,1
10372,Sintetico_Ciencias_10372,Ciencias,34.12,BD,2024-12-10,1,12,66,3.558770768766916,Medio,0,1
10373,Sintetico_Ciencias_10373,Ciencias,41.06,BD,2024-10-11,4,10,6,3.7390971702745537,Medio,0,1
10374,Sintetico_Ciencias_10374,Ciencias,40.1,BD,2024-10-19,5,10,14,3.716008121502189,Medio,0,1
10375,Sintetico_Ciencias_10375,Ciencias,40.42,BD,2024-11-02,5,11,28,3.723763855967438,Medio,0,1
10376,Sintetico_Ciencias_10376,Ciencias,41.57,BD,2024-10-31,3,10,26,3.751149779840061,Medio,0,1
10377,Sintetico_Ciencias_10377,Ciencias,38.33,BD,2024-11-09,5,11,35,3.671987586443718,Medio,0,1
10378,Sintetico_Ciencias_10378,Ciencias,40.2,BD,2024-11-06,2,11,32,3.7184382563554808,Medio,0,1
10379,Sintetico_Ciencias_10379,Ciencias,39.73,BD,2024-12-11,2,12,67,3.706964921660321,Medio,0,1
10380,Sintetico_Ciencias_10380,Ciencias,41.21,BD,2024-12-17,1,12,73,3.7426571597944074,Medio,0,1
10381,Sintetico_Ciencias_10381,Ciencias,39.14,BD,2024-11-11,0,11,37,3.692373343368192,Medio,0,1
10382,Sintetico_Ciencias_10382,Ciencias,34.2,BD,2024-12-31,1,12,87,3.5610460826040513,Medio,0,1
10383,Sintetico_Ciencias_10383,Ciencias,39.65,BD,2024-11-25,0,11,51,3.7049988359938197,Medio,0,1
10384,Sintetico_Ciencias_10384,Ciencias,40.79,BD,2024-10-09,2,10,4,3.732657076459824,Medio,0,1
10385,Sintetico_Ciencias_10385,Ciencias,37.56,BD,2024-11-02,5,11,28,3.652215469742345,Medio,0,1
10386,Sintetico_Ciencias_10386,Ciencias,39.8,BD,2024-10-06,6,10,1,3.708682081410116,Medio,0,1
10387,Sintetico_Ciencias_10387,Ciencias,36.67,BD,2024-10-31,3,10,26,3.62886402170395,Medio,0,1
10388,Sintetico_Ciencias_10388,Ciencias,40.97,BD,2024-11-09,5,11,35,3.7369550773454994,Medio,0,1
10389,Sintetico_Ciencias_10389,Ciencias,40.27,BD,2024-10-30,2,10,25,3.7201358437644907,Medio,0,1
10390,Sintetico_Ciencias_10390,Ciencias,36.95,BD,2024-10-15,1,10,10,3.636269503841639,Medio,0,1
10391,Sintetico_Investigación_10391,Investigación,33.9,BD,2024-12-17,1,12,73,3.5524868292083815,Medio,9,1
10392,Sintetico_Investigación_10392,Investigación,33.9,BD,2024-10-27,6,10,22,3.5524868292083815,Medio,9,1
10393,Sintetico_Investigación_10393,Investigación,33.9,BD,2024-11-20,2,11,46,3.5524868292083815,Medio,9,1
10394,Sintetico_Investigación_10394,Investigación,33.9,BD,2025-01-02,3,1,89,3.5524868292083815,Medio,9,1
10395,Sintetico_Investigación_10395,Investigación,33.9,BD,2024-10-17,3,10,12,3.5524868292083815,Medio,9,1
10396,Sintetico_Investigación_10396,Investigación,33.9,BD,2024-11-16,5,11,42,3.5524868292083815,Medio,9,1
10397,Sintetico_Investigación_10397,Investigación,33.9,BD,2024-12-19,3,12,75,3.5524868292083815,Medio,9,1
10398,Sintetico_Investigación_10398,Investigación,33.9,BD,2024-11-04,0,11,30,3.5524868292083815,Medio,9,1
10399,Sintetico_Investigación_10399,Investigación,33.9,BD,2024-10-13,6,10,8,3.5524868292083815,Medio,9,1
10400,Sintetico_Investigación_10400,Investigación,33.9,BD,2024-11-13,2,11,39,3.5524868292083815,Medio,9,1
10401,Sintetico_Investigación_10401,Investigación,33.9,BD,2024-11-14,3,11,40,3.5524868292083815,Medio,9,1
10402,Sintetico_Investigación_10402,Investigación,33.9,BD,2024-11-19,1,11,45,3.5524868292083815,Medio,9,1
10403,Sintetico_Matemáticas_10403,Matemáticas,42.36,BD,2024-10-25,4,10,20,3.769537357131391,Medio,11,1
10404,Sintetico_Matemáticas_10404,Matemáticas,42.36,BD,2024-12-30,0,12,86,3.769537357131391,Medio,11,1
10405,Sintetico_Matemáticas_10405,Matemáticas,42.36,BD,2024-11-30,5,11,56,3.769537357131391,Medio,11,1
10406,Sintetico_Matemáticas_10406,Matemáticas,42.36,BD,2024-11-13,2,11,39,3.769537357131391,Medio,11,1
10407,Sintetico_Matemáticas_10407,Matemáticas,42.36,BD,2024-10-19,5,10,14,3.769537357131391,Medio,11,1
10408,Sintetico_Matemáticas_10408,Matemáticas,42.36,BD,2024-10-13,6,10,8,3.769537357131391,Medio,11,1
10409,Sintetico_Matemáticas_10409,Matemáticas,42.36,BD,2024-12-17,1,12,73,3.769537357131391,Medio,11,1
10410,Sintetico_Matemáticas_10410,Matemáticas,42.36,BD,2024-10-29,1,10,24,3.769537357131391,Medio,11,1
10411,Sintetico_Matemáticas_10411,Matemáticas,42.36,BD,2025-01-02,3,1,89,3.769537357131391,Medio,11,1
10412,Sintetico_Matemáticas_10412,Matemáticas,42.36,BD,2024-12-25,2,12,81,3.769537357131391,Medio,11,1
10413,Sintetico_Matemáticas_10413,Matemáticas,42.36,BD,2024-11-07,3,11,33,3.769537357131391,Medio,11,1
10414,Sintetico_Matemáticas_10414,Matemáticas,42.36,BD,2024-12-02,0,12,58,3.769537357131391,Medio,11,1
10415,Sintetico_Gestión_10415,Gestión,105.16,BD,2024-11-24,6,11,50,4.664947390023952,Premium,6,1
10416,Sintetico_Gestión_10416,Gestión,105.16,BD,2024-11-25,0,11,51,4.664947390023952,Premium,6,1
10417,Sintetico_Gestión_10417,Gestión,105.16,BD,2024-12-13,4,12,69,4.664947390023952,Premium,6,1
10418,Sintetico_Gestión_10418,Gestión,105.16,BD,2024-10-30,2,10,25,4.664947390023952,Premium,6,1
10419,Sintetico_Gestión_10419,Gestión,105.16,BD,2024-11-01,4,11,27,4.664947390023952,Premium,6,1
10420,Sintetico_Gestión_10420,Gestión,105.16,BD,2024-12-24,1,12,80,4.664947390023952,Premium,6,1
10421,Sintetico_Gestión_10421,Gestión,105.16,BD,2024-12-27,4,12,83,4.664947390023952,Premium,6,1
10422,Sintetico_Gestión_10422,Gestión,105.16,BD,2024-12-29,6,12,85,4.664947390023952,Premium,6,1
10423,Sintetico_Gestión_10423,Gestión,105.16,BD,2024-12-06,4,12,62,4.664947390023952,Premium,6,1
10424,Sintetico_Gestión_10424,Gestión,105.16,BD,2024-10-05,5,10,0,4.664947390023952,Premium,6,1
10425,Sintetico_Gestión_10425,Gestión,105.16,BD,2024-10-17,3,10,12,4.664947390023952,Premium,6,1
10426,Sintetico_Gestión_10426,Gestión,105.16,BD,2024-11-29,4,11,55,4.664947390023952,Premium,6,1
10427,Sintetico_Ingeniería_10427,Ingeniería,148.08,BD,2024-12-26,3,12,82,5.004483074611057,Premium,8,1
10428,Sintetico_Ingeniería_10428,Ingeniería,148.08,BD,2024-11-22,4,11,48,5.004483074611057,Premium,8,1
10429,Sintetico_Ingeniería_10429,Ingeniería,148.08,BD,2024-11-18,0,11,44,5.004483074611057,Premium,8,1
10430,Sintetico_Ingeniería_10430,Ingeniería,148.08,BD,2024-10-23,2,10,18,5.004483074611057,Premium,8,1
10431,Sintetico_Ingeniería_10431,Ingeniería,148.08,BD,2024-10-22,1,10,17,5.004483074611057,Premium,8,1
10432,Sintetico_Ingeniería_10432,Ingeniería,148.08,BD,2024-12-09,0,12,65,5.004483074611057,Premium,8,1
10433,Sintetico_Ingeniería_10433,Ingeniería,148.08,BD,2024-11-11,0,11,37,5.004483074611057,Premium,8,1
10434,Sintetico_Ingeniería_10434,Ingeniería,148.08,BD,2024-10-12,5,10,7,5.004483074611057,Premium,8,1
10435,Sintetico_Ingeniería_10435,Ingeniería,148.08,BD,2024-11-02,5,11,28,5.004483074611057,Premium,8,1
10436,Sintetico_Ingeniería_10436,Ingeniería,148.08,BD,2024-10-14,0,10,9,5.004483074611057,Premium,8,1
10437,Sintetico_Ingeniería_10437,Ingeniería,148.08,BD,2024-12-17,1,12,73,5.004483074611057,Premium,8,1
10438,Sintetico_Ingeniería_10438,Ingeniería,148.08,BD,2024-12-30,0,12,86,5.004483074611057,Premium,8,1
10439,Sintetico_Datos_10439,Datos,179.38,BD,2024-11-28,3,11,54,5.195065736737562,Premium,3,1
10440,Sintetico_Datos_10440,Datos,179.38,BD,2024-10-12,5,10,7,5.195065736737562,Premium,3,1
10441,Sintetico_Datos_10441,Datos,179.38,BD,2024-12-08,6,12,64,5.195065736737562,Premium,3,1
10442,Sintetico_Datos_10442,Datos,179.38,BD,2024-12-30,0,12,86,5.195065736737562,Premium,3,1
10443,Sintetico_Datos_10443,Datos,179.38,BD,2024-12-02,0,12,58,5.195065736737562,Premium,3,1
10444,Sintetico_Datos_10444,Datos,179.38,BD,2024-12-10,1,12,66,5.195065736737562,Premium,3,1
10445,Sintetico_Datos_10445,Datos,179.38,BD,2024-11-24,6,11,50,5.195065736737562,Premium,3,1
10446,Sintetico_Datos_10446,Datos,179.38,BD,2024-11-07,3,11,33,5.195065736737562,Premium,3,1
10447,Sintetico_Datos_10447,Datos,179.38,BD,2024-11-08,4,11,34,5.195065736737562,Premium,3,1
10448,Sintetico_Datos_10448,Datos,179.38,BD,2024-11-19,1,11,45,5.195065736737562,Premium,3,1
10449,Sintetico_Datos_10449,Datos,179.38,BD,2024-10-20,6,10,15,5.195065736737562,Premium,3,1
10450,Sintetico_Datos_10450,Datos,179.38,BD,2024-12-28,5,12,84,5.195065736737562,Premium,3,1
10451,Sintetico_Programación_10451,Programación,27.56,BD,2024-10-18,4,10,13,3.3520071374713836,Bajo,13,1
10452,Sintetico_Programación_10452,Programación,27.56,BD,2024-10-11,4,10,6,3.3520071374713836,Bajo,13,1
10453,Sintetico_Programación_10453,Programación,27.56,BD,2024-12-17,1,12,73,3.3520071374713836,Bajo,13,1
10454,Sintetico_Programación_10454,Programación,27.56,BD,2024-10-06,6,10,1,3.3520071374713836,Bajo,13,1
10455,Sintetico_Programación_10455,Programación,27.56,BD,2024-10-05,5,10,0,3.3520071374713836,Bajo,13,1
10456,Sintetico_Programación_10456,Programación,27.56,BD,2024-10-06,6,10,1,3.3520071374713836,Bajo,13,1
10457,Sintetico_Programación_10457,Programación,27.56,BD,2024-12-10,1,12,66,3.3520071374713836,Bajo,13,1
10458,Sintetico_Programación_10458,Programación,27.56,BD,2024-10-09,2,10,4,3.3520071374713836,Bajo,13,1
10459,Sintetico_Programación_10459,Programación,27.56,BD,2024-11-10,6,11,36,3.3520071374713836,Bajo,13,1
